counts,value,time
0,0.745,1.8871960639953613
1,0.745,4.134159803390503
0,0.751,2.632559061050415
1,0.751,3.3836283683776855
0,0.722,4.878854274749756
0,0.719,5.60102915763855
1,0.719,9.258284568786621
0,0.704,6.3204567432403564
0,0.762,7.024665594100952
0,0.7,7.786863327026367
1,0.7,13.632167100906372
2,0.7,25.329596519470215
0,0.771,8.487069606781006
0,0.736,9.977036952972412
0,0.728,10.713435888290405
0,0.731,11.441732406616211
0,0.716,12.172679901123047
0,0.743,12.889025926589966
0,0.742,14.331701755523682
0,0.734,15.073481321334839
1,0.734,15.807281494140625
0,0.735,16.541279554367065
0,0.747,17.27657961845398
0,0.712,18.023962259292603
0,0.754,18.735865116119385
1,0.754,27.506260871887207
0,0.705,19.48992109298706
0,0.727,20.194841146469116
0,0.725,20.921379327774048
0,0.768,21.646854877471924
0,0.714,22.415266513824463
1,0.714,23.860167980194092
0,0.73,23.129700899124146
0,0.756,24.57382082939148
1,0.756,28.997770071029663
0,0.748,26.029133319854736
0,0.729,26.77759575843811
0,0.738,28.26008653640747
0,0.2,
0,0.3,
0,0.4,
0,0.5,
0,0.6,
0,0.8,
0,0.9,
0,1.0,
0,1.1,
0,1.2,
